N_Packets,N_Bytes,Idle_age,Source,Destination,Switch,Traffic,Controller,Duration,time
1,42,18,10.0.0.2,10.0.0.6,1,low,6633,18.459,0.459
1,42,23,10.0.0.6,10.0.0.2,1,low,6633,23.477,0.477
1,42,18,10.0.0.6,10.0.0.2,1,low,6633,18.463,0.463
20,1960,4,10.0.0.2,10.0.0.6,1,high,6633,23.47,19.47
20,1960,4,10.0.0.6,10.0.0.2,1,high,6633,23.47,19.47
2,84,16,10.0.0.2,10.0.0.6,1,low,6633,66.003,50.003
2,84,16,10.0.0.6,10.0.0.2,1,low,6633,66.007,50.007
40,3920,20,10.0.0.2,10.0.0.6,1,high,6633,71.014,51.014
40,3920,20,10.0.0.6,10.0.0.2,1,high,6633,71.014,51.014
1,42,21,10.0.0.21,10.0.0.22,12,low,6634,21.182,0.182
8,5447,16,10.0.0.21,10.0.0.22,12,low,6634,16.436,0.436
7,470,16,10.0.0.22,10.0.0.21,12,low,6634,16.436,0.436
11,5645,21,10.0.0.21,10.0.0.22,12,high,6634,21.178,0.178
2,140,19,10.0.0.21,10.0.0.22,12,low,6634,19.209,0.209
11,5657,17,10.0.0.21,10.0.0.22,12,low,6634,17.445,0.445
10,5579,18,10.0.0.21,10.0.0.22,12,low,6634,18.243,0.243
9,675,17,10.0.0.22,10.0.0.21,12,low,6634,17.445,0.445
12,849,18,10.0.0.22,10.0.0.21,12,low,6634,18.249,0.249
11,807,21,10.0.0.22,10.0.0.21,12,low,6634,21.18,0.18
11,783,19,10.0.0.22,10.0.0.21,12,low,6634,19.218,0.218
2,84,56,10.0.0.2,10.0.0.6,1,low,6633,106.489,50.489
2,84,56,10.0.0.6,10.0.0.2,1,low,6633,106.493,50.493
60,5880,15,10.0.0.2,10.0.0.6,1,low,6633,111.5,96.5
60,5880,15,10.0.0.6,10.0.0.2,1,high,6633,111.5,96.5
7,470,6,10.0.0.22,10.0.0.21,12,high,6634,6.047,0.047
10,5591,6,10.0.0.21,10.0.0.22,12,low,6634,6.047,0.047
9,667,7,10.0.0.22,10.0.0.21,12,low,6634,7.86,0.86
7,470,5,10.0.0.22,10.0.0.21,12,low,6634,5.231,0.231
10,741,6,10.0.0.22,10.0.0.21,12,low,6634,6.941,0.941
8,5447,5,10.0.0.21,10.0.0.22,12,low,6634,5.229,0.229
10,741,4,10.0.0.22,10.0.0.21,12,low,6634,4.42,0.42
15,5945,7,10.0.0.21,10.0.0.22,12,high,6634,7.865,0.865
9,5513,4,10.0.0.21,10.0.0.22,12,low,6634,4.419,0.419
10,5579,6,10.0.0.21,10.0.0.22,12,low,6634,6.939,0.939
7,470,58,10.0.0.22,10.0.0.21,12,low,6634,58.394,0.394
10,5591,58,10.0.0.21,10.0.0.22,12,low,6634,58.394,0.394
9,667,60,10.0.0.22,10.0.0.21,12,low,6634,60.207,0.207
7,470,57,10.0.0.22,10.0.0.21,12,low,6634,57.578,0.578
10,741,59,10.0.0.22,10.0.0.21,12,low,6634,59.288,0.288
8,5447,57,10.0.0.21,10.0.0.22,12,low,6634,57.576,0.576
10,741,56,10.0.0.22,10.0.0.21,12,low,6634,56.767,0.767
15,5945,60,10.0.0.21,10.0.0.22,12,high,6634,60.212,0.212
9,5513,56,10.0.0.21,10.0.0.22,12,low,6634,56.766,0.766
10,5579,59,10.0.0.21,10.0.0.22,12,low,6634,59.286,0.286
3,126,9,10.0.0.2,10.0.0.6,1,low,6633,71.624,62.624
3,126,9,10.0.0.6,10.0.0.2,1,low,6633,71.63,62.63
63,6174,11,10.0.0.6,10.0.0.2,1,high,6633,76.633,65.633
59,5782,11,10.0.0.2,10.0.0.6,1,high,6633,75.633,64.633
4,168,3,10.0.0.22,10.0.0.21,12,low,6634,93.781,90.781
5,210,3,10.0.0.21,10.0.0.22,12,low,6634,93.779,90.779
4066440,184944079184,6,10.0.0.21,10.0.0.22,12,high,6634,56.962,50.962
3240920,213939792,6,10.0.0.22,10.0.0.21,12,high,6634,56.962,50.962
5,210,19,10.0.0.2,10.0.0.6,1,low,6633,153.823,134.823
5,210,19,10.0.0.6,10.0.0.2,1,low,6633,153.829,134.829
103,10094,7,10.0.0.6,10.0.0.2,1,high,6633,158.832,151.832
99,9702,7,10.0.0.2,10.0.0.6,1,high,6633,157.832,150.832
2269624,149962156,50,10.0.0.22,10.0.0.21,12,high,6634,100.279,50.279
3196294,148609418860,50,10.0.0.21,10.0.0.22,12,high,6634,100.269,50.269
3,126,8,10.0.0.2,10.0.0.6,1,low,6633,49.024,41.024
2,84,8,10.0.0.6,10.0.0.2,1,low,6633,49.034,41.034
1766047,88881626158,4,10.0.0.2,10.0.0.6,1,high,6633,54.05,50.05
714156,47451192,4,10.0.0.6,10.0.0.2,1,high,6633,54.062,50.062
1,42,14,10.0.0.22,10.0.0.21,12,low,6634,14.706,0.706
2,84,14,10.0.0.21,10.0.0.22,12,low,6634,14.693,0.693
1823578,92154370364,3,10.0.0.21,10.0.0.22,12,high,6634,53.791,50.791
830067,55098250,3,10.0.0.22,10.0.0.21,12,high,6634,53.791,50.791
2,84,17,10.0.0.2,10.0.0.6,1,low,6633,17.223,0.223
1,42,17,10.0.0.6,10.0.0.2,1,low,6633,17.223,0.223
1729083,86059981206,7,10.0.0.2,10.0.0.6,1,high,6633,57.687,50.687
702142,46671268,7,10.0.0.6,10.0.0.2,1,high,6633,57.706,50.706
1,42,14,10.0.0.22,10.0.0.21,12,low,6634,14.798,0.798
2,84,14,10.0.0.21,10.0.0.22,12,low,6634,14.794,0.794
1046776,69362900,3,10.0.0.22,10.0.0.21,12,high,6634,53.844,50.844
1936380,92963198608,3,10.0.0.21,10.0.0.22,12,high,6634,53.809,50.809
8,784,0,10.0.0.22,10.0.0.21,12,low,6634,7.741,7.741
8,784,0,10.0.0.21,10.0.0.22,12,low,6634,7.749,7.749
1518654,100323900,47,10.0.0.22,10.0.0.21,12,high,6634,97.068,50.068
2424576,113721149672,47,10.0.0.21,10.0.0.22,12,high,6634,97.071,50.071
5,210,20,10.0.0.2,10.0.0.6,1,low,6633,154.279,134.279
4,168,20,10.0.0.6,10.0.0.2,1,low,6633,154.279,134.279
3824636,173288590104,7,10.0.0.2,10.0.0.6,1,high,6633,57.638,50.638
3064667,202365230,7,10.0.0.6,10.0.0.2,1,high,6633,57.643,50.643
40,3920,3,10.0.0.22,10.0.0.21,12,high,6634,56.138,53.138
40,3920,3,10.0.0.21,10.0.0.22,12,high,6634,56.146,53.146
1,42,25,10.0.0.21,10.0.0.22,12,low,6634,25.953,0.953
60,5880,11,10.0.0.22,10.0.0.21,12,high,6634,135.012,124.012
60,5880,11,10.0.0.21,10.0.0.22,12,high,6634,135.02,124.02
1,42,22,10.0.0.2,10.0.0.6,1,low,6633,22.68,0.68
1,42,22,10.0.0.6,10.0.0.2,1,low,6633,22.689,0.689
3868630,176833095964,4,10.0.0.2,10.0.0.6,1,high,6633,54.568,50.568
3137526,207197884,4,10.0.0.6,10.0.0.2,1,high,6633,54.574,50.574
3,126,17,10.0.0.2,10.0.0.6,1,low,6633,82.051,65.051
3,126,17,10.0.0.6,10.0.0.2,1,low,6633,82.06,65.06
1962260,129863460,4,10.0.0.6,10.0.0.2,1,high,6633,54.672,50.672
2918169,135992295082,4,10.0.0.2,10.0.0.6,1,high,6633,54.672,50.672
3,126,46,10.0.0.22,10.0.0.21,12,low,6634,120.923,74.923
7,294,46,10.0.0.21,10.0.0.22,12,low,6634,164.997,118.997
120,11760,35,10.0.0.22,10.0.0.21,12,high,6634,274.056,239.056
120,11760,35,10.0.0.21,10.0.0.22,12,high,6634,274.064,239.064
10,804,10,10.0.0.2,10.0.0.6,1,high,6633,10.185,0.185
8,536,8,10.0.0.2,10.0.0.6,1,low,6633,8.434,0.434
9,674,7,10.0.0.2,10.0.0.6,1,low,6633,7.587,0.587
2918169,135992295082,56,10.0.0.2,10.0.0.6,1,high,6633,106.73,50.73
1962260,129863460,56,10.0.0.6,10.0.0.2,1,high,6633,106.73,50.73
9,5513,7,10.0.0.6,10.0.0.2,1,low,6633,7.586,0.586
12,5747,10,10.0.0.6,10.0.0.2,1,high,6633,10.186,0.186
9,5513,8,10.0.0.6,10.0.0.2,1,low,6633,8.432,0.432
10,5579,3,10.0.0.6,10.0.0.2,1,high,6633,3.207,0.207
8,536,19,10.0.0.2,10.0.0.6,1,low,6633,19.691,0.691
10,804,21,10.0.0.2,10.0.0.6,1,high,6633,21.442,0.442
11,5645,7,10.0.0.6,10.0.0.2,1,high,6633,7.335,0.335
13,5777,6,10.0.0.6,10.0.0.2,1,high,6633,6.586,0.586
9,674,5,10.0.0.2,10.0.0.6,1,low,6633,5.93,0.93
8,608,7,10.0.0.2,10.0.0.6,1,low,6633,7.336,0.336
9,5513,19,10.0.0.6,10.0.0.2,1,low,6633,19.689,0.689
12,5747,21,10.0.0.6,10.0.0.2,1,low,6633,21.443,0.443
7,470,5,10.0.0.2,10.0.0.6,1,low,6633,5.249,0.249
8,5447,8,10.0.0.6,10.0.0.2,1,low,6633,8.255,0.255
10,5579,4,10.0.0.6,10.0.0.2,1,low,6633,4.551,0.551
9,674,18,10.0.0.2,10.0.0.6,1,low,6633,18.844,0.844
7,470,8,10.0.0.2,10.0.0.6,1,low,6633,8.256,0.256
11,806,3,10.0.0.2,10.0.0.6,1,low,6633,3.21,0.21
10,740,6,10.0.0.2,10.0.0.6,1,low,6633,6.586,0.586
12,5711,5,10.0.0.6,10.0.0.2,1,high,6633,5.93,0.93
8,5447,5,10.0.0.6,10.0.0.2,1,high,6633,5.247,0.247
9,602,4,10.0.0.2,10.0.0.6,1,low,6633,4.553,0.553
9,5513,18,10.0.0.6,10.0.0.2,1,high,6633,18.843,0.843
1,42,13,10.0.0.2,10.0.0.6,1,low,6633,13.166,0.166
1,42,13,10.0.0.6,10.0.0.2,1,low,6633,13.162,0.162
11,772,13,10.0.0.6,10.0.0.2,1,high,6633,34.122,21.122
1975,1070450,14,10.0.0.2,10.0.0.6,1,high,6633,34.113,20.113
10,721,13,10.0.0.2,10.0.0.6,1,high,6633,34.122,21.122
3,126,12,10.0.0.2,10.0.0.6,1,high,6633,75.629,63.629
3,126,12,10.0.0.6,10.0.0.2,1,high,6633,75.625,63.625
8,569,12,10.0.0.2,10.0.0.6,1,high,6633,33.51,21.51
7,476,12,10.0.0.6,10.0.0.2,1,low,6633,33.507,21.507
1972,1068824,13,10.0.0.2,10.0.0.6,1,high,6633,33.501,20.501
1973,1069366,39,10.0.0.2,10.0.0.6,1,high,6633,59.041,20.041
12,834,38,10.0.0.2,10.0.0.6,1,low,6633,59.058,21.058
7,476,38,10.0.0.6,10.0.0.2,1,low,6633,59.048,21.048
8,549,3,10.0.0.22,10.0.0.21,12,low,6634,24.603,21.603
1972,1068824,32,10.0.0.21,10.0.0.22,12,high,6634,52.894,20.894
9,635,3,10.0.0.21,10.0.0.22,12,low,6634,24.605,21.605
8,569,31,10.0.0.21,10.0.0.22,12,low,6634,52.899,21.899
7,476,31,10.0.0.22,10.0.0.21,12,low,6634,52.897,21.897
1973,1069366,4,10.0.0.21,10.0.0.22,12,high,6634,24.592,20.592
9,635,35,10.0.0.2,10.0.0.6,1,low,6633,56.058,21.058
11,768,8,10.0.0.2,10.0.0.6,1,low,6633,29.684,21.684
1975,1070450,9,10.0.0.2,10.0.0.6,1,high,6633,29.667,20.667
7,476,35,10.0.0.6,10.0.0.2,1,low,6633,56.057,21.057
7,476,8,10.0.0.6,10.0.0.2,1,low,6633,29.677,21.677
1974,1069908,36,10.0.0.2,10.0.0.6,1,high,6633,56.05,20.05
10,702,52,10.0.0.21,10.0.0.22,12,low,6634,73.689,21.689
1973,1069366,8,10.0.0.21,10.0.0.22,12,high,6634,28.546,20.546
11,760,7,10.0.0.22,10.0.0.21,12,low,6634,28.555,21.555
7,476,7,10.0.0.21,10.0.0.22,12,low,6634,28.555,21.555
1974,1069908,53,10.0.0.21,10.0.0.22,12,high,6634,73.679,20.679
14,966,52,10.0.0.22,10.0.0.21,12,high,6634,73.688,21.688
9,616,9,10.0.0.6,10.0.0.2,1,low,6633,30.659,21.659
1975,1070450,56,10.0.0.2,10.0.0.6,1,high,6633,76.263,20.263
7,476,55,10.0.0.2,10.0.0.6,1,low,6633,76.273,21.273
9,635,9,10.0.0.2,10.0.0.6,1,low,6633,30.662,21.662
13,899,55,10.0.0.6,10.0.0.2,1,low,6633,76.273,21.273
1976,1070992,10,10.0.0.2,10.0.0.6,1,high,6633,30.654,20.654
1974,1069908,10,10.0.0.21,10.0.0.22,12,high,6634,30.593,20.593
1974,1069908,51,10.0.0.21,10.0.0.22,12,high,6634,71.986,20.986
7,476,50,10.0.0.22,10.0.0.21,12,low,6634,71.994,21.994
7,476,9,10.0.0.22,10.0.0.21,12,low,6634,30.598,21.598
9,635,9,10.0.0.21,10.0.0.22,12,low,6634,30.599,21.599
8,569,50,10.0.0.21,10.0.0.22,12,low,6634,71.997,21.997
9,635,4,10.0.0.2,10.0.0.6,1,low,6633,15.701,11.701
8,569,60,10.0.0.2,10.0.0.6,1,low,6633,71.704,11.704
10,701,40,10.0.0.2,10.0.0.6,1,low,6633,51.321,11.321
7,476,4,10.0.0.6,10.0.0.2,1,low,6633,15.699,11.699
13,888,60,10.0.0.6,10.0.0.2,1,high,6633,71.704,11.704
497,78526,41,10.0.0.2,10.0.0.6,1,high,6633,51.312,10.312
497,78526,5,10.0.0.2,10.0.0.6,1,high,6633,15.692,10.692
7,476,40,10.0.0.6,10.0.0.2,1,low,6633,51.318,11.318
497,78526,36,10.0.0.2,10.0.0.6,1,high,6633,46.536,10.536
497,78526,4,10.0.0.2,10.0.0.6,1,high,6633,14.555,10.555
10,702,3,10.0.0.2,10.0.0.6,1,low,6633,14.565,11.565
7,476,3,10.0.0.6,10.0.0.2,1,low,6633,14.563,11.563
10,702,35,10.0.0.2,10.0.0.6,1,low,6633,46.545,11.545
7,476,35,10.0.0.6,10.0.0.2,1,low,6633,46.543,11.543
12,834,21,10.0.0.21,10.0.0.22,12,low,6634,32.35,11.35
12,849,35,10.0.0.22,10.0.0.21,12,low,6634,46.868,11.868
13,888,21,10.0.0.22,10.0.0.21,12,low,6634,32.345,11.345
498,78684,36,10.0.0.21,10.0.0.22,12,high,6634,46.859,10.859
7,468,35,10.0.0.21,10.0.0.22,12,low,6634,46.865,11.865
497,78526,22,10.0.0.21,10.0.0.22,12,high,6634,32.335,10.335
1,42,54,10.0.0.22,10.0.0.21,12,low,6634,54.425,0.425
1,42,54,10.0.0.21,10.0.0.22,12,low,6634,54.417,0.417
497,78526,49,10.0.0.21,10.0.0.22,12,high,6634,59.431,10.431
6,410,30,10.0.0.21,10.0.0.22,12,low,6634,41.914,11.914
7,469,48,10.0.0.21,10.0.0.22,12,low,6634,59.438,11.438
11,760,30,10.0.0.22,10.0.0.21,12,low,6634,41.914,11.914
7,476,13,10.0.0.21,10.0.0.22,12,low,6634,24.337,11.337
11,760,13,10.0.0.22,10.0.0.21,12,low,6634,24.337,11.337
14,982,48,10.0.0.22,10.0.0.21,12,low,6634,59.442,11.442
497,78526,14,10.0.0.21,10.0.0.22,12,high,6634,24.329,10.329
497,78526,31,10.0.0.21,10.0.0.22,12,high,6634,41.906,10.906
15,1048,2,10.0.0.22,10.0.0.21,12,high,6634,13.361,11.361
497,78526,3,10.0.0.21,10.0.0.22,12,high,6634,13.349,10.349
10,721,2,10.0.0.21,10.0.0.22,12,low,6634,13.357,11.357
1,42,23,10.0.0.35,10.0.0.36,21,low,6635,23.015,0.015
6,404,20,10.0.0.36,10.0.0.35,21,low,6635,20.106,0.106
7,5381,20,10.0.0.35,10.0.0.36,21,low,6635,20.105,0.105
10,741,23,10.0.0.36,10.0.0.35,21,low,6635,23.015,0.015
8,5447,23,10.0.0.35,10.0.0.36,21,low,6635,23.011,0.011
1,42,37,10.0.0.35,10.0.0.36,21,low,6635,37.809,0.809
6,404,34,10.0.0.36,10.0.0.35,21,low,6635,34.9,0.9
12,5711,8,10.0.0.35,10.0.0.36,21,low,6635,8.67,0.67
7,5381,34,10.0.0.35,10.0.0.36,21,low,6635,34.899,0.899
8,5447,37,10.0.0.35,10.0.0.36,21,low,6635,37.805,0.805
11,807,5,10.0.0.36,10.0.0.35,21,low,6635,5.275,0.275
12,5711,3,10.0.0.35,10.0.0.36,21,low,6635,3.681,0.681
13,939,8,10.0.0.36,10.0.0.35,21,low,6635,8.676,0.676
10,741,9,10.0.0.36,10.0.0.35,21,low,6635,9.718,0.718
10,741,37,10.0.0.36,10.0.0.35,21,low,6635,37.809,0.809
11,807,6,10.0.0.36,10.0.0.35,21,low,6635,6.934,0.934
11,5645,6,10.0.0.35,10.0.0.36,21,low,6635,6.094,0.094
11,5645,5,10.0.0.35,10.0.0.36,21,low,6635,5.275,0.275
9,602,3,10.0.0.36,10.0.0.35,21,low,6635,3.681,0.681
10,729,4,10.0.0.36,10.0.0.35,21,low,6635,4.525,0.525
8,536,7,10.0.0.36,10.0.0.35,21,low,6635,7.84,0.84
1,74,4,10.0.0.35,10.0.0.36,21,low,6635,4.521,0.521
8,609,6,10.0.0.36,10.0.0.35,21,low,6635,6.094,0.094
9,5513,7,10.0.0.35,10.0.0.36,21,low,6635,7.839,0.839
10,5579,9,10.0.0.35,10.0.0.36,21,low,6635,9.714,0.714
11,5645,6,10.0.0.35,10.0.0.36,21,low,6635,6.933,0.933
1,42,19,10.0.0.41,10.0.0.42,37,low,6636,19.564,0.564
1,42,19,10.0.0.42,10.0.0.41,37,low,6636,19.559,0.559
1,42,24,10.0.0.41,10.0.0.42,37,low,6636,24.57,0.57
20,1960,5,10.0.0.42,10.0.0.41,37,high,6636,24.568,19.568
20,1960,5,10.0.0.41,10.0.0.42,37,high,6636,24.566,19.566
2,84,44,10.0.0.41,10.0.0.42,37,low,6636,84.486,40.486
2,84,44,10.0.0.42,10.0.0.41,37,low,6636,84.481,40.481
40,3920,39,10.0.0.42,10.0.0.41,37,high,6636,89.49,50.49
40,3920,39,10.0.0.41,10.0.0.42,37,high,6636,89.488,50.488
4,168,2,10.0.0.41,10.0.0.42,37,low,6636,140.922,138.922
4,168,2,10.0.0.42,10.0.0.41,37,low,6636,140.917,138.917
80,7840,4,10.0.0.42,10.0.0.41,37,high,6636,145.926,141.926
80,7840,4,10.0.0.41,10.0.0.42,37,high,6636,145.924,141.924
2,84,9,10.0.0.36,10.0.0.35,21,low,6635,64.474,55.474
2,84,9,10.0.0.35,10.0.0.36,21,low,6635,64.481,55.481
3288104,154800216456,4,10.0.0.36,10.0.0.35,21,high,6635,54.625,50.625
2565879,169509326,59,10.0.0.35,10.0.0.36,21,high,6635,109.267,50.267
2287750,151179356,4,10.0.0.35,10.0.0.36,21,high,6635,54.622,50.622
3687565,172312797090,59,10.0.0.36,10.0.0.35,21,high,6635,109.265,50.265
6,252,30,10.0.0.41,10.0.0.42,37,low,6636,248.661,218.661
6,252,30,10.0.0.42,10.0.0.41,37,low,6636,248.656,218.656
160,15680,3,10.0.0.42,10.0.0.41,37,high,6636,253.665,250.665
160,15680,3,10.0.0.41,10.0.0.42,37,high,6636,253.663,250.663
7,294,24,10.0.0.41,10.0.0.42,37,low,6636,290.658,266.658
7,294,24,10.0.0.42,10.0.0.41,37,low,6636,290.653,266.653
180,17640,10,10.0.0.42,10.0.0.41,37,high,6636,295.662,285.662
180,17640,10,10.0.0.41,10.0.0.42,37,high,6636,295.66,285.66
2,84,9,10.0.0.36,10.0.0.35,21,low,6635,69.927,60.927
2,84,9,10.0.0.35,10.0.0.36,21,low,6635,69.931,60.931
3150000,152226697496,3,10.0.0.36,10.0.0.35,21,high,6635,53.957,50.957
2047219,135325538,3,10.0.0.35,10.0.0.36,21,high,6635,53.956,50.956
8,336,10,10.0.0.41,10.0.0.42,37,low,6636,316.129,306.129
8,336,10,10.0.0.42,10.0.0.41,37,low,6636,316.124,306.124
200,19600,3,10.0.0.42,10.0.0.41,37,high,6636,321.133,318.133
200,19600,3,10.0.0.41,10.0.0.42,37,high,6636,321.131,318.131
8,336,38,10.0.0.41,10.0.0.42,37,low,6636,343.778,305.778
8,336,38,10.0.0.42,10.0.0.41,37,low,6636,343.773,305.773
200,19600,31,10.0.0.42,10.0.0.41,37,high,6636,348.782,317.782
200,19600,31,10.0.0.41,10.0.0.42,37,high,6636,348.78,317.78
3150000,152226697496,55,10.0.0.36,10.0.0.35,21,high,6635,105.455,50.455
2047219,135325538,55,10.0.0.35,10.0.0.36,21,high,6635,105.454,50.454
1,42,31,10.0.0.36,10.0.0.35,21,low,6635,31.986,0.986
1,42,31,10.0.0.35,10.0.0.36,21,low,6635,31.991,0.991
2414071,159479426,11,10.0.0.35,10.0.0.36,21,high,6635,61.198,50.198
3824337,184181930050,11,10.0.0.36,10.0.0.35,21,high,6635,61.196,50.196
1,42,53,10.0.0.42,10.0.0.41,37,low,6636,53.487,0.487
39,3822,39,10.0.0.42,10.0.0.41,37,high,6636,135.295,96.295
43,4214,39,10.0.0.41,10.0.0.42,37,low,6635,136.289,97.289
1,42,24,10.0.0.36,10.0.0.35,21,low,6635,24.044,0.044
1,42,24,10.0.0.35,10.0.0.36,21,low,6635,24.046,0.046
1449725,96150958,21,10.0.0.35,10.0.0.36,21,high,6635,71.256,50.256
3040665,150698488458,21,10.0.0.36,10.0.0.35,21,high,6635,71.248,50.248
1,42,40,10.0.0.41,10.0.0.42,37,low,6636,40.755,0.755
1,42,40,10.0.0.42,10.0.0.41,37,low,6636,40.745,0.745
19,1862,26,10.0.0.42,10.0.0.41,37,high,6636,44.774,18.774
23,2254,26,10.0.0.41,10.0.0.42,37,high,6636,45.769,19.769
2,84,20,10.0.0.36,10.0.0.35,21,low,6635,55.204,35.204
2,84,20,10.0.0.35,10.0.0.36,21,low,6635,55.207,35.207
3455355,163543656502,10,10.0.0.36,10.0.0.35,21,high,6635,60.205,50.205
2373730,156951608,10,10.0.0.35,10.0.0.36,21,high,6635,60.213,50.213
4,168,20,10.0.0.36,10.0.0.35,21,low,6635,132.523,112.523
4,168,20,10.0.0.35,10.0.0.36,21,low,6635,132.526,112.526
2014442,96085886284,9,10.0.0.36,10.0.0.35,21,high,6635,59.966,50.966
1091046,72101932,9,10.0.0.35,10.0.0.36,21,high,6635,59.966,50.966
1,42,40,10.0.0.42,10.0.0.41,37,low,6636,40.181,0.181
2,84,40,10.0.0.41,10.0.0.42,37,low,6636,40.181,0.181
2157788,102786995656,18,10.0.0.41,10.0.0.42,37,high,6636,68.957,50.957
1171378,77416644,18,10.0.0.42,10.0.0.41,37,high,6636,68.965,50.965
8,536,5,10.0.0.36,10.0.0.35,21,low,6635,5.845,0.845
10,741,3,10.0.0.36,10.0.0.35,21,low,6635,3.731,0.731
9,5513,5,10.0.0.35,10.0.0.36,21,low,6635,5.844,0.844
7,470,4,10.0.0.36,10.0.0.35,21,low,6635,4.758,0.758
10,5579,6,10.0.0.35,10.0.0.36,21,low,6635,6.815,0.815
10,741,3,10.0.0.36,10.0.0.35,21,low,6635,3.212,0.212
9,5513,3,10.0.0.35,10.0.0.36,21,low,6635,3.727,0.727
10,5579,8,10.0.0.35,10.0.0.36,21,high,6635,8.497,0.497
10,733,10,10.0.0.36,10.0.0.35,21,low,6635,10.738,0.738
13,5813,10,10.0.0.35,10.0.0.36,21,high,6635,10.741,0.741
10,5579,3,10.0.0.35,10.0.0.36,21,low,6635,3.211,0.211
8,5447,4,10.0.0.35,10.0.0.36,21,low,6635,4.757,0.757
12,5735,7,10.0.0.35,10.0.0.36,21,high,6635,7.625,0.625
9,602,4,10.0.0.36,10.0.0.35,21,low,6635,4.23,0.23
9,5513,5,10.0.0.35,10.0.0.36,21,high,6635,5.28,0.28
7,470,7,10.0.0.36,10.0.0.35,21,low,6635,7.625,0.625
7,470,6,10.0.0.36,10.0.0.35,21,low,6635,6.816,0.816
12,5723,4,10.0.0.35,10.0.0.36,21,high,6635,4.23,0.23
10,741,8,10.0.0.36,10.0.0.35,21,low,6635,8.501,0.501
10,741,5,10.0.0.36,10.0.0.35,21,low,6635,5.284,0.284
11,807,2,10.0.0.36,10.0.0.35,21,low,6635,3.001,1.001
11,807,3,10.0.0.36,10.0.0.35,21,low,6635,3.809,0.809
12,5711,3,10.0.0.35,10.0.0.36,21,high,6635,3.8,0.8
11,5645,2,10.0.0.35,10.0.0.36,21,high,6635,2.992,0.992
11,5645,5,10.0.0.35,10.0.0.36,21,high,6635,5.219,0.219
11,726,5,10.0.0.36,10.0.0.35,21,low,6635,5.214,0.214
5,210,18,10.0.0.42,10.0.0.41,37,low,6636,201.305,183.305
5,210,18,10.0.0.41,10.0.0.42,37,low,6636,201.291,183.291
2652036,129079784040,5,10.0.0.41,10.0.0.42,37,high,6636,55.972,50.972
1441017,95412226,5,10.0.0.42,10.0.0.41,37,high,6636,55.975,50.975
10,702,48,10.0.0.35,10.0.0.36,21,high,6635,69.236,21.236
1966,1065572,49,10.0.0.35,10.0.0.36,21,high,6635,69.226,20.226
10,682,48,10.0.0.36,10.0.0.35,21,low,6635,69.232,21.232
1,42,39,10.0.0.42,10.0.0.41,37,low,6636,39.568,0.568
1,42,39,10.0.0.41,10.0.0.42,37,low,6636,39.539,0.539
2994493,139659455226,26,10.0.0.41,10.0.0.42,37,high,6636,76.338,50.338
1969834,130171988,26,10.0.0.42,10.0.0.41,37,high,6636,76.342,50.342
3,259,9,10.0.0.41,10.0.0.42,37,low,6636,9.957,0.957
11,807,4,10.0.0.41,10.0.0.42,37,high,6636,4.201,0.201
10,5579,4,10.0.0.42,10.0.0.41,37,high,6636,4.771,0.771
9,5513,3,10.0.0.42,10.0.0.41,37,high,6636,3.653,0.653
11,807,3,10.0.0.41,10.0.0.42,37,low,6636,3.657,0.657
11,807,7,10.0.0.41,10.0.0.42,37,low,6636,7.021,0.021
10,5579,7,10.0.0.42,10.0.0.41,37,low,6636,7.56,0.56
9,675,6,10.0.0.41,10.0.0.42,37,low,6636,6.489,0.489
11,5669,9,10.0.0.42,10.0.0.41,37,high,6636,9.963,0.963
12,873,4,10.0.0.41,10.0.0.42,37,low,6636,4.775,0.775
7,5381,6,10.0.0.42,10.0.0.41,37,high,6636,6.485,0.485
12,873,7,10.0.0.41,10.0.0.42,37,low,6636,7.565,0.565
11,807,5,10.0.0.41,10.0.0.42,37,high,6636,5.955,0.955
11,5645,2,10.0.0.42,10.0.0.41,37,high,6636,3.001,1.001
10,741,8,10.0.0.41,10.0.0.42,37,low,6636,8.37,0.37
9,5513,7,10.0.0.42,10.0.0.41,37,high,6636,7.017,0.017
8,5447,8,10.0.0.42,10.0.0.41,37,high,6636,8.366,0.366
9,5513,4,10.0.0.42,10.0.0.41,37,high,6636,4.196,0.196
9,5513,5,10.0.0.42,10.0.0.41,37,high,6636,5.952,0.952
11,807,5,10.0.0.41,10.0.0.42,37,low,6636,5.356,0.356
9,5513,5,10.0.0.42,10.0.0.41,37,high,6636,5.349,0.349
11,807,2,10.0.0.41,10.0.0.42,37,low,6636,3.005,1.005
1,42,54,10.0.0.36,10.0.0.35,21,low,6635,54.725,0.725
1,42,54,10.0.0.35,10.0.0.36,21,low,6635,54.722,0.722
15,1048,38,10.0.0.36,10.0.0.35,21,high,6635,59.74,21.74
13,919,38,10.0.0.35,10.0.0.36,21,high,6635,59.736,21.736
1972,1068824,39,10.0.0.35,10.0.0.36,21,high,6635,59.731,20.731
1,42,39,10.0.0.35,10.0.0.36,21,low,6635,39.727,0.727
1977,1071534,24,10.0.0.35,10.0.0.36,21,high,6635,44.724,20.724
14,982,23,10.0.0.36,10.0.0.35,21,low,6635,44.735,21.735
7,468,23,10.0.0.35,10.0.0.36,21,low,6635,44.731,21.731
11,807,40,10.0.0.41,10.0.0.42,37,low,6636,40.073,0.073
9,5513,40,10.0.0.42,10.0.0.41,37,high,6636,40.068,0.068
8,5471,41,10.0.0.42,10.0.0.41,37,high,6636,41.594,0.594
5,403,41,10.0.0.41,10.0.0.42,37,low,6636,41.593,0.593
1,42,22,10.0.0.36,10.0.0.35,21,low,6635,22.15,0.15
1,42,22,10.0.0.35,10.0.0.36,21,low,6635,22.144,0.144
7,468,6,10.0.0.35,10.0.0.36,21,low,6635,27.159,21.159
1977,1071534,7,10.0.0.35,10.0.0.36,21,high,6635,27.15,20.15
12,850,6,10.0.0.36,10.0.0.35,21,low,6635,27.16,21.16
14,982,2,10.0.0.36,10.0.0.35,21,low,6635,23.857,21.857
1977,1071534,3,10.0.0.35,10.0.0.36,21,high,6635,23.844,20.844
10,720,2,10.0.0.35,10.0.0.36,21,low,6635,23.852,21.852
498,78684,7,10.0.0.35,10.0.0.36,21,high,6635,17.8,10.8
13,916,6,10.0.0.36,10.0.0.35,21,low,6635,17.806,11.806
8,561,6,10.0.0.35,10.0.0.36,21,low,6635,17.806,11.806
1,42,3,10.0.0.41,10.0.0.42,37,low,6636,3.237,0.237
1,42,3,10.0.0.42,10.0.0.41,37,low,6636,3.232,0.232
743,402706,0,10.0.0.42,10.0.0.41,37,high,6636,8.239,8.239
7,514,8,10.0.0.41,10.0.0.42,37,low,6636,8.247,0.247
2,133,8,10.0.0.42,10.0.0.41,37,low,6636,8.244,0.244
498,78684,25,10.0.0.35,10.0.0.36,21,high,6635,35.836,10.836
11,768,24,10.0.0.35,10.0.0.36,21,low,6635,35.849,11.849
8,549,24,10.0.0.36,10.0.0.35,21,low,6635,35.846,11.846
498,78684,40,10.0.0.35,10.0.0.36,21,high,6635,50.628,10.628
13,888,39,10.0.0.36,10.0.0.35,21,low,6635,50.635,11.635
8,569,39,10.0.0.35,10.0.0.36,21,low,6635,50.635,11.635
1977,1071534,22,10.0.0.42,10.0.0.41,37,high,6636,42.709,20.709
9,616,46,10.0.0.41,10.0.0.42,37,low,6636,67.024,21.024
1979,1072618,47,10.0.0.42,10.0.0.41,37,high,6636,67.018,20.018
12,834,46,10.0.0.42,10.0.0.41,37,low,6636,67.029,21.029
11,755,21,10.0.0.41,10.0.0.42,37,low,6636,42.717,21.717
11,768,21,10.0.0.42,10.0.0.41,37,low,6636,42.72,21.72
10,702,27,10.0.0.35,10.0.0.36,21,low,6635,38.81,11.81
9,616,27,10.0.0.36,10.0.0.35,21,low,6635,38.807,11.807
498,78684,8,10.0.0.35,10.0.0.36,21,high,6635,18.67,10.67
10,702,7,10.0.0.35,10.0.0.36,21,low,6635,18.677,11.677
498,78684,28,10.0.0.35,10.0.0.36,21,high,6635,38.796,10.796
7,476,7,10.0.0.36,10.0.0.35,21,low,6635,18.676,11.676
1978,1072076,42,10.0.0.42,10.0.0.41,37,high,6636,62.268,20.268
12,834,41,10.0.0.42,10.0.0.41,37,low,6636,62.281,21.281
12,834,3,10.0.0.42,10.0.0.41,37,low,6636,24.154,21.154
7,476,41,10.0.0.41,10.0.0.42,37,low,6636,62.275,21.275
1977,1071534,4,10.0.0.42,10.0.0.41,37,high,6636,24.14,20.14
7,476,3,10.0.0.41,10.0.0.42,37,low,6636,24.15,21.15
498,78684,21,10.0.0.42,10.0.0.41,37,high,6636,31.49,10.49
12,834,20,10.0.0.42,10.0.0.41,37,low,6636,31.503,11.503
498,78684,5,10.0.0.42,10.0.0.41,37,low,6636,15.85,10.85
497,78526,52,10.0.0.42,10.0.0.41,37,high,6636,62.492,10.492
11,768,4,10.0.0.42,10.0.0.41,37,low,6636,15.864,11.864
7,476,35,10.0.0.41,10.0.0.42,37,low,6636,46.779,11.779
11,768,51,10.0.0.42,10.0.0.41,37,low,6636,62.502,11.502
8,549,20,10.0.0.41,10.0.0.42,37,low,6636,31.495,11.495
11,768,35,10.0.0.42,10.0.0.41,37,low,6636,46.784,11.784
7,476,51,10.0.0.41,10.0.0.42,37,low,6636,62.497,11.497
7,476,4,10.0.0.41,10.0.0.42,37,low,6636,15.856,11.856
498,78684,36,10.0.0.42,10.0.0.41,37,high,6636,46.773,10.773
1,42,28,10.0.0.41,10.0.0.42,37,low,6636,28.918,0.918
1,42,28,10.0.0.42,10.0.0.41,37,low,6636,28.915,0.915
7,476,22,10.0.0.41,10.0.0.42,37,low,6636,33.927,11.927
498,78684,59,10.0.0.42,10.0.0.41,37,high,6636,69.574,10.574
11,768,58,10.0.0.42,10.0.0.41,37,low,6636,69.588,11.588
498,78684,23,10.0.0.42,10.0.0.41,37,high,6636,33.924,10.924
11,768,22,10.0.0.42,10.0.0.41,37,low,6636,33.931,11.931
7,476,58,10.0.0.41,10.0.0.42,37,low,6636,69.58,11.58
1,42,58,10.0.0.6,10.0.0.2,1,low,6633,58.976,0.976
1,42,58,10.0.0.2,10.0.0.6,1,low,6633,58.979,0.979
1972,1068824,43,10.0.0.6,10.0.0.2,1,high,6633,63.98,20.98
12,834,42,10.0.0.6,10.0.0.2,1,low,6633,63.994,21.994
7,476,42,10.0.0.2,10.0.0.6,1,low,6633,63.988,21.988
11,768,3,10.0.0.6,10.0.0.2,1,low,6633,24.338,21.338
1972,1068824,28,10.0.0.6,10.0.0.2,1,high,6633,48.774,20.774
12,826,27,10.0.0.6,10.0.0.2,1,low,6633,48.78,21.78
14,982,27,10.0.0.2,10.0.0.6,1,low,6633,48.781,21.781
1972,1068824,4,10.0.0.6,10.0.0.2,1,high,6633,24.324,20.324
12,822,3,10.0.0.2,10.0.0.6,1,low,6633,24.333,21.333
8,562,3,10.0.0.6,10.0.0.2,1,low,6633,23.578,20.578
1978,1072076,3,10.0.0.6,10.0.0.2,1,high,6633,23.573,20.573
14,982,2,10.0.0.2,10.0.0.6,1,low,6633,23.581,21.581
1980,1073160,28,10.0.0.6,10.0.0.2,1,high,6633,48.025,20.025
8,562,57,10.0.0.6,10.0.0.2,1,low,6633,78.735,21.735
1978,1072076,58,10.0.0.6,10.0.0.2,1,high,6633,78.73,20.73
14,982,57,10.0.0.2,10.0.0.6,1,low,6633,78.738,21.738
7,476,27,10.0.0.2,10.0.0.6,1,low,6633,48.033,21.033
9,635,27,10.0.0.6,10.0.0.2,1,low,6633,48.034,21.034
20,10840,7,10.0.0.2,10.0.0.6,1,high,6633,8.114,1.114
8,542,3,10.0.0.6,10.0.0.2,1,low,6633,5.032,2.032
12,822,6,10.0.0.6,10.0.0.2,1,low,6633,8.117,2.117
12,834,6,10.0.0.2,10.0.0.6,1,low,6633,8.119,2.119
12,838,44,10.0.0.6,10.0.0.2,1,high,6633,65.381,21.381
20,10840,2,10.0.0.2,10.0.0.6,1,high,6633,3.115,1.115
12,822,1,10.0.0.6,10.0.0.2,1,low,6633,3.119,2.119
7,503,3,10.0.0.2,10.0.0.6,1,low,6633,5.036,2.036
12,834,1,10.0.0.2,10.0.0.6,1,low,6633,3.12,2.12
19,10298,4,10.0.0.2,10.0.0.6,1,high,6633,5.032,1.032
7,468,44,10.0.0.2,10.0.0.6,1,low,6633,65.381,21.381
1984,1075328,45,10.0.0.2,10.0.0.6,1,high,6633,65.377,20.377
14,982,4,10.0.0.6,10.0.0.2,1,low,6633,5.885,1.885
20,10840,3,10.0.0.2,10.0.0.6,1,high,6633,3.779,0.779
7,476,2,10.0.0.2,10.0.0.6,1,low,6633,3.784,1.784
20,10840,5,10.0.0.2,10.0.0.6,1,high,6633,5.877,0.877
13,887,2,10.0.0.6,10.0.0.2,1,low,6633,3.784,1.784
6,403,4,10.0.0.2,10.0.0.6,1,low,6633,5.882,1.882
2,84,55,10.0.0.6,10.0.0.2,1,low,6633,80.546,25.546
2,84,55,10.0.0.2,10.0.0.6,1,low,6633,80.545,25.545
1592993,75822467018,55,10.0.0.2,10.0.0.6,1,high,6633,85.566,30.566
918804,60703776,55,10.0.0.6,10.0.0.2,1,high,6633,85.565,30.565
1,42,50,10.0.0.6,10.0.0.2,1,low,6633,50.808,0.808
2,84,50,10.0.0.2,10.0.0.6,1,low,6633,50.807,0.807
525114,34895324,25,10.0.0.6,10.0.0.2,1,high,6633,55.817,30.817
1202186,59814188908,25,10.0.0.2,10.0.0.6,1,high,6633,55.817,30.817
1,42,23,10.0.0.35,10.0.0.36,21,low,6635,23.633,0.633
1,42,23,10.0.0.36,10.0.0.35,21,low,6635,23.633,0.633
4,168,28,10.0.0.36,10.0.0.35,21,low,6635,28.64,0.64
9,602,28,10.0.0.35,10.0.0.36,21,low,6635,28.637,0.637
11,5645,28,10.0.0.36,10.0.0.35,21,high,6635,28.636,0.636
1,42,33,10.0.0.35,10.0.0.36,21,low,6635,33.691,0.691
1,42,33,10.0.0.36,10.0.0.35,21,low,6635,33.691,0.691
4,168,38,10.0.0.36,10.0.0.35,21,low,6635,38.698,0.698
10,741,6,10.0.0.35,10.0.0.36,21,low,6635,6.343,0.343
7,5381,4,10.0.0.36,10.0.0.35,21,high,6635,4.79,0.79
11,5645,38,10.0.0.36,10.0.0.35,21,high,6635,38.694,0.694
8,524,5,10.0.0.35,10.0.0.36,21,low,6635,5.488,0.488
2,140,5,10.0.0.36,10.0.0.35,21,low,6635,5.484,0.484
12,5711,2,10.0.0.36,10.0.0.35,21,high,6635,2.221,0.221
9,602,38,10.0.0.35,10.0.0.36,21,high,6635,38.695,0.695
9,5513,6,10.0.0.36,10.0.0.35,21,high,6635,6.341,0.341
6,404,4,10.0.0.35,10.0.0.36,21,low,6635,4.791,0.791
12,873,2,10.0.0.35,10.0.0.36,21,low,6635,2.223,0.223
10,741,10,10.0.0.35,10.0.0.36,21,low,6635,10.671,0.671
10,741,57,10.0.0.35,10.0.0.36,21,low,6635,57.352,0.352
7,5381,55,10.0.0.36,10.0.0.35,21,high,6635,55.799,0.799
8,524,56,10.0.0.35,10.0.0.36,21,low,6635,56.497,0.497
11,5645,10,10.0.0.36,10.0.0.35,21,high,6635,10.666,0.666
11,5645,11,10.0.0.36,10.0.0.35,21,high,6635,11.337,0.337
2,140,56,10.0.0.36,10.0.0.35,21,low,6635,56.493,0.493
12,5711,53,10.0.0.36,10.0.0.35,21,high,6635,53.23,0.23
11,5645,12,10.0.0.36,10.0.0.35,21,high,6635,12.508,0.508
9,5513,57,10.0.0.36,10.0.0.35,21,high,6635,57.35,0.35
6,404,55,10.0.0.35,10.0.0.36,21,low,6635,55.8,0.8
10,668,11,10.0.0.35,10.0.0.36,21,low,6635,11.34,0.34
10,741,12,10.0.0.35,10.0.0.36,21,low,6635,12.517,0.517
12,873,53,10.0.0.35,10.0.0.36,21,low,6635,53.232,0.232
1,42,40,10.0.0.6,10.0.0.2,1,low,6633,40.449,0.449
3,126,40,10.0.0.2,10.0.0.6,1,low,6633,40.446,0.446
553155,36735190,15,10.0.0.6,10.0.0.2,1,high,6633,45.451,30.451
1266393,62424095266,15,10.0.0.2,10.0.0.6,1,high,6633,45.449,30.449
2,140,3,10.0.0.35,10.0.0.36,21,high,6635,3.996,0.996
10,741,49,10.0.0.35,10.0.0.36,21,low,6635,49.204,0.204
9,602,13,10.0.0.36,10.0.0.35,21,low,6635,13.841,0.841
11,5645,49,10.0.0.36,10.0.0.35,21,high,6635,49.87,0.87
11,5645,49,10.0.0.36,10.0.0.35,21,high,6635,49.199,0.199
11,5645,51,10.0.0.36,10.0.0.35,21,high,6635,51.041,0.041
10,668,49,10.0.0.35,10.0.0.36,21,high,6635,49.873,0.873
10,5579,13,10.0.0.35,10.0.0.36,21,high,6635,13.841,0.841
11,710,3,10.0.0.36,10.0.0.35,21,low,6635,3.998,0.998
8,536,12,10.0.0.36,10.0.0.35,21,low,6635,12.295,0.295
12,5711,12,10.0.0.35,10.0.0.36,21,high,6635,12.294,0.294
10,741,6,10.0.0.36,10.0.0.35,21,low,6635,6.688,0.688
12,873,3,10.0.0.36,10.0.0.35,21,low,6635,3.088,0.088
11,5645,3,10.0.0.35,10.0.0.36,21,high,6635,3.086,0.086
10,741,51,10.0.0.35,10.0.0.36,21,low,6635,51.05,0.05
10,5579,6,10.0.0.35,10.0.0.36,21,high,6635,6.684,0.684
17,5945,3,10.0.0.35,10.0.0.36,21,high,6635,3.759,0.759
3,186,3,10.0.0.36,10.0.0.35,21,low,6635,3.752,0.752
2,84,13,10.0.0.2,10.0.0.6,1,low,6633,55.194,42.194
3,126,13,10.0.0.6,10.0.0.2,1,high,6633,55.194,42.194
53,5194,4,10.0.0.2,10.0.0.6,1,low,6633,60.202,56.202
49,4802,4,10.0.0.6,10.0.0.2,1,high,6633,59.204,55.204
3,126,5,10.0.0.2,10.0.0.6,1,low,6633,89.577,84.577
4,168,5,10.0.0.6,10.0.0.2,1,low,6633,89.577,84.577
73,7154,10,10.0.0.2,10.0.0.6,1,high,6633,94.585,84.585
69,6762,10,10.0.0.6,10.0.0.2,1,high,6633,93.587,83.587
3,126,23,10.0.0.36,10.0.0.35,21,low,6635,105.22,82.22
5,210,23,10.0.0.35,10.0.0.36,21,low,6635,105.22,82.22
1766087,116667706,2,10.0.0.36,10.0.0.35,21,high,6635,52.873,50.873
2941790,136860182052,2,10.0.0.35,10.0.0.36,21,high,6635,52.873,50.873
2024296,133673696,60,10.0.0.36,10.0.0.35,21,high,6635,110.232,50.232
3360411,153991680046,60,10.0.0.35,10.0.0.36,21,high,6635,110.233,50.233
4,168,39,10.0.0.2,10.0.0.6,1,high,6633,183.456,144.456
5,210,39,10.0.0.6,10.0.0.2,1,low,6633,183.456,144.456
93,9114,25,10.0.0.2,10.0.0.6,1,high,6633,188.464,163.464
89,8722,25,10.0.0.6,10.0.0.2,1,high,6633,187.466,162.466
1,42,50,10.0.0.36,10.0.0.35,21,low,6635,50.816,0.816
1,42,50,10.0.0.35,10.0.0.36,21,low,6635,50.812,0.812
650006,42959992,35,10.0.0.36,10.0.0.35,21,high,6635,55.824,20.824
1045054,49089969628,35,10.0.0.35,10.0.0.36,21,high,6635,55.808,20.808
1,42,23,10.0.0.6,10.0.0.2,1,low,6633,23.203,0.203
1,42,23,10.0.0.2,10.0.0.6,1,low,6633,23.198,0.198
1,42,23,10.0.0.6,10.0.0.2,1,low,6633,23.198,0.198
1,42,23,10.0.0.2,10.0.0.6,1,low,6633,23.205,0.205
1,54,28,10.0.0.6,10.0.0.2,1,low,6633,28.217,0.217
20,1960,3,10.0.0.2,10.0.0.6,1,high,6633,22.812,19.812
20,1960,3,10.0.0.6,10.0.0.2,1,high,6633,22.813,19.813
1,42,17,10.0.0.36,10.0.0.35,21,low,6635,17.806,0.806
1,42,17,10.0.0.35,10.0.0.36,21,low,6635,17.793,0.793
923844,61010532,2,10.0.0.36,10.0.0.35,21,high,6635,22.817,20.817
1440356,65262128208,2,10.0.0.35,10.0.0.36,21,high,6635,22.816,20.816
1,42,16,10.0.0.2,10.0.0.6,1,low,6633,16.606,0.606
2,84,16,10.0.0.6,10.0.0.2,1,low,6633,16.605,0.605
24,2352,2,10.0.0.2,10.0.0.6,1,high,6633,21.61,19.61
19,1862,2,10.0.0.6,10.0.0.2,1,high,6633,20.611,18.611
890637,58843022,2,10.0.0.36,10.0.0.35,21,high,6635,21.656,19.656
1554861,72569214234,1,10.0.0.35,10.0.0.36,21,high,6635,21.641,20.641
1,42,54,10.0.0.21,10.0.0.22,12,low,6634,54.465,0.465
8,6225,50,10.0.0.21,10.0.0.22,12,high,6634,50.123,0.123
7,543,50,10.0.0.22,10.0.0.21,12,low,6634,50.685,0.685
9,6291,51,10.0.0.21,10.0.0.22,12,high,6634,51.269,0.269
10,6357,54,10.0.0.21,10.0.0.22,12,high,6634,54.462,0.462
10,741,51,10.0.0.22,10.0.0.21,12,low,6634,51.273,0.273
7,6159,51,10.0.0.21,10.0.0.22,12,high,6634,51.892,0.892
7,470,50,10.0.0.22,10.0.0.21,12,low,6634,50.124,0.124
7,6159,50,10.0.0.21,10.0.0.22,12,high,6634,50.683,0.683
8,536,52,10.0.0.22,10.0.0.21,12,low,6634,52.542,0.542
11,807,54,10.0.0.22,10.0.0.21,12,low,6634,54.465,0.465
6,404,51,10.0.0.22,10.0.0.21,12,low,6634,51.893,0.893
12,6489,52,10.0.0.21,10.0.0.22,12,high,6634,52.542,0.542
9,594,3,10.0.0.22,10.0.0.21,12,low,6634,3.938,0.938
10,6357,3,10.0.0.21,10.0.0.22,12,high,6634,3.039,0.039
10,6357,2,10.0.0.21,10.0.0.22,12,high,6634,2.267,0.267
12,873,2,10.0.0.22,10.0.0.21,12,low,6634,2.272,0.272
10,741,3,10.0.0.22,10.0.0.21,12,low,6634,3.04,0.04
12,6489,3,10.0.0.21,10.0.0.22,12,high,6634,3.94,0.94
9,594,45,10.0.0.22,10.0.0.21,12,low,6634,45.999,0.999
7,470,8,10.0.0.22,10.0.0.21,12,low,6634,8.258,0.258
8,536,8,10.0.0.22,10.0.0.21,12,low,6634,8.832,0.832
10,6357,45,10.0.0.21,10.0.0.22,12,low,6634,45.1,0.1
12,873,44,10.0.0.22,10.0.0.21,12,low,6634,44.333,0.333
10,6357,44,10.0.0.21,10.0.0.22,12,low,6634,44.328,0.328
9,675,9,10.0.0.22,10.0.0.21,12,low,6634,9.455,0.455
9,6291,9,10.0.0.21,10.0.0.22,12,high,6634,9.453,0.453
11,6435,8,10.0.0.21,10.0.0.22,12,high,6634,8.832,0.832
8,6225,8,10.0.0.21,10.0.0.22,12,high,6634,8.255,0.255
12,6489,45,10.0.0.21,10.0.0.22,12,high,6634,46.001,1.001
10,741,45,10.0.0.22,10.0.0.21,12,low,6634,45.101,0.101
1060810,70256916,2,10.0.0.42,10.0.0.41,37,high,6636,35.542,33.542
2125224,101404859256,0,10.0.0.41,10.0.0.42,37,high,6636,35.542,35.542
1,42,11,10.0.0.41,10.0.0.42,37,low,6636,11.511,0.511
1,42,11,10.0.0.42,10.0.0.41,37,low,6636,11.516,0.516
1815749,120111382,2,10.0.0.42,10.0.0.41,37,high,6636,52.879,50.879
3111979,145862558158,2,10.0.0.41,10.0.0.42,37,high,6636,52.879,50.879
1,42,33,10.0.0.6,10.0.0.2,1,low,6633,33.863,0.863
10,6369,25,10.0.0.6,10.0.0.2,1,high,6633,25.515,0.515
9,6291,24,10.0.0.6,10.0.0.2,1,high,6633,24.979,0.979
6,404,29,10.0.0.2,10.0.0.6,1,low,6633,29.812,0.812
7,470,25,10.0.0.2,10.0.0.6,1,low,6633,25.515,0.515
8,608,29,10.0.0.2,10.0.0.6,1,low,6633,29.152,0.152
7,6159,29,10.0.0.6,10.0.0.2,1,high,6633,29.15,0.15
8,536,24,10.0.0.2,10.0.0.6,1,low,6633,24.981,0.981
11,806,26,10.0.0.2,10.0.0.6,1,low,6633,26.08,0.08
7,542,30,10.0.0.2,10.0.0.6,1,high,6633,30.363,0.363
11,6437,27,10.0.0.6,10.0.0.2,1,high,6633,27.952,0.952
12,10833,24,10.0.0.6,10.0.0.2,1,high,6633,24.527,0.527
9,6291,28,10.0.0.6,10.0.0.2,1,high,6633,28.542,0.542
9,674,31,10.0.0.2,10.0.0.6,1,low,6633,31.684,0.684
8,536,33,10.0.0.2,10.0.0.6,1,low,6633,33.859,0.859
10,740,28,10.0.0.2,10.0.0.6,1,low,6633,28.544,0.544
14,1088,24,10.0.0.2,10.0.0.6,1,high,6633,24.529,0.529
8,6225,27,10.0.0.6,10.0.0.2,1,high,6633,27.372,0.372
7,6159,29,10.0.0.6,10.0.0.2,1,high,6633,29.811,0.811
8,608,26,10.0.0.2,10.0.0.6,1,low,6633,26.777,0.777
10,740,27,10.0.0.2,10.0.0.6,1,low,6633,27.374,0.374
11,6435,33,10.0.0.6,10.0.0.2,1,high,6633,33.859,0.859
7,6159,30,10.0.0.6,10.0.0.2,1,high,6633,30.362,0.362
8,560,27,10.0.0.2,10.0.0.6,1,low,6633,27.953,0.953
10,6357,26,10.0.0.6,10.0.0.2,1,high,6633,26.079,0.079
11,6435,26,10.0.0.6,10.0.0.2,1,high,6633,26.776,0.776
10,6369,31,10.0.0.6,10.0.0.2,1,high,6633,31.684,0.684
7,6159,30,10.0.0.6,10.0.0.2,1,high,6633,30.9,0.9
6,404,30,10.0.0.2,10.0.0.6,1,low,6633,30.901,0.901
1,42,22,10.0.0.21,10.0.0.22,12,low,6634,22.739,0.739
1,42,22,10.0.0.22,10.0.0.21,12,low,6634,22.727,0.727
1001,542542,0,10.0.0.21,10.0.0.22,12,high,6634,10.347,10.347
4,280,10,10.0.0.22,10.0.0.21,12,low,6634,10.359,0.359
6,432,10,10.0.0.21,10.0.0.22,12,low,6634,10.361,0.361
8,561,27,10.0.0.21,10.0.0.22,12,low,6634,48.772,21.772
1977,1071534,28,10.0.0.21,10.0.0.22,12,high,6634,48.761,20.761
10,682,27,10.0.0.22,10.0.0.21,12,high,6634,48.774,21.774
1,42,12,10.0.0.41,10.0.0.42,37,low,6636,12.489,0.489
1,42,12,10.0.0.42,10.0.0.41,37,low,6636,12.498,0.498
2267792,149791548,3,10.0.0.42,10.0.0.41,37,high,6636,53.876,50.876
3760933,174157556538,3,10.0.0.41,10.0.0.42,37,high,6636,53.875,50.875
10,716,28,10.0.0.2,10.0.0.6,1,low,6633,28.57,0.57
10,740,29,10.0.0.2,10.0.0.6,1,low,6633,29.208,0.208
11,6423,26,10.0.0.6,10.0.0.2,1,high,6633,26.535,0.535
7,470,20,10.0.0.2,10.0.0.6,1,low,6633,20.159,0.159
9,6291,27,10.0.0.6,10.0.0.2,1,high,6633,27.821,0.821
11,806,27,10.0.0.2,10.0.0.6,1,low,6633,27.822,0.822
11,6423,18,10.0.0.6,10.0.0.2,1,high,6633,18.956,0.956
8,6225,20,10.0.0.6,10.0.0.2,1,high,6633,20.156,0.156
10,740,18,10.0.0.2,10.0.0.6,1,low,6633,18.959,0.959
6,404,19,10.0.0.2,10.0.0.6,1,low,6633,19.559,0.559
6,6105,29,10.0.0.6,10.0.0.2,1,high,6633,29.939,0.939
2,140,27,10.0.0.6,10.0.0.2,1,low,6633,27.166,0.166
2,140,28,10.0.0.6,10.0.0.2,1,low,6633,28.562,0.562
11,6423,29,10.0.0.6,10.0.0.2,1,high,6633,29.206,0.206
11,6423,18,10.0.0.6,10.0.0.2,1,high,6633,18.366,0.366
11,770,27,10.0.0.2,10.0.0.6,1,low,6633,27.175,0.175
10,740,20,10.0.0.2,10.0.0.6,1,low,6633,20.718,0.718
11,806,18,10.0.0.2,10.0.0.6,1,low,6633,18.372,0.372
7,6159,19,10.0.0.6,10.0.0.2,1,high,6633,19.557,0.557
10,6357,20,10.0.0.6,10.0.0.2,1,high,6633,20.718,0.718
4,336,29,10.0.0.2,10.0.0.6,1,high,6633,29.939,0.939
12,872,26,10.0.0.2,10.0.0.6,1,high,6633,26.538,0.538
2,84,21,10.0.0.41,10.0.0.42,37,low,6636,73.712,52.712
2,84,21,10.0.0.42,10.0.0.41,37,low,6636,73.723,52.723
1768800,90267620456,57,10.0.0.41,10.0.0.42,37,high,6636,107.886,50.886
294826,19625212,5,10.0.0.42,10.0.0.41,37,high,6636,55.383,50.383
839133,44250442322,5,10.0.0.41,10.0.0.42,37,high,6636,55.39,50.39
737424,49102640,57,10.0.0.42,10.0.0.41,37,high,6636,107.888,50.888
11,768,34,10.0.0.21,10.0.0.22,12,low,6634,55.131,21.131
10,682,34,10.0.0.22,10.0.0.21,12,low,6634,55.126,21.126
8,549,7,10.0.0.22,10.0.0.21,12,low,6634,28.3,21.3
8,569,7,10.0.0.21,10.0.0.22,12,low,6634,28.335,21.335
1942,1052564,35,10.0.0.21,10.0.0.22,12,high,6634,55.085,20.085
1880,1018960,8,10.0.0.21,10.0.0.22,12,high,6634,28.247,20.247
5,210,27,10.0.0.2,10.0.0.6,1,low,6633,165.304,138.304
6,252,27,10.0.0.6,10.0.0.2,1,low,6633,165.304,138.304
144904,9610856,5,10.0.0.2,10.0.0.6,1,high,6633,55.96,50.96
354931,18435973802,5,10.0.0.6,10.0.0.2,1,high,6633,55.991,50.991
2,84,14,10.0.0.41,10.0.0.42,37,low,6636,66.454,52.454
2,84,14,10.0.0.42,10.0.0.41,37,low,6636,66.463,52.463
194787,12897230,6,10.0.0.42,10.0.0.41,37,high,6636,56.332,50.332
385445,19532695942,6,10.0.0.41,10.0.0.42,37,high,6636,56.345,50.345
181853,12048914,58,10.0.0.42,10.0.0.41,37,high,6636,108.702,50.702
414607,21472518182,58,10.0.0.41,10.0.0.42,37,high,6636,108.671,50.671
12,827,6,10.0.0.22,10.0.0.21,12,low,6634,27.454,21.454
1842,998364,32,10.0.0.21,10.0.0.22,12,high,6634,52.014,20.014
9,636,31,10.0.0.21,10.0.0.22,12,low,6634,52.069,21.069
1928,1044976,7,10.0.0.21,10.0.0.22,12,high,6634,27.376,20.376
8,569,6,10.0.0.21,10.0.0.22,12,low,6634,27.455,21.455
13,893,31,10.0.0.22,10.0.0.21,12,low,6634,52.068,21.068
10,693,59,10.0.0.22,10.0.0.21,12,low,6634,80.203,21.203
1795,972890,60,10.0.0.21,10.0.0.22,12,high,6634,80.155,20.155
9,635,59,10.0.0.21,10.0.0.22,12,low,6634,80.22,21.22
11,768,4,10.0.0.21,10.0.0.22,12,low,6634,25.884,21.884
9,616,53,10.0.0.22,10.0.0.21,12,low,6634,74.091,21.091
9,636,53,10.0.0.21,10.0.0.22,12,low,6634,74.101,21.101
7,476,4,10.0.0.22,10.0.0.21,12,low,6634,25.879,21.879
1938,1050396,5,10.0.0.21,10.0.0.22,12,high,6634,25.865,20.865
1945,1054190,54,10.0.0.21,10.0.0.22,12,high,6634,74.033,20.033
1,42,15,10.0.0.41,10.0.0.42,37,low,6636,15.217,0.217
1,42,15,10.0.0.42,10.0.0.41,37,low,6636,15.245,0.245
402149,21496052202,7,10.0.0.41,10.0.0.42,37,high,6636,57.561,50.561
125730,8345212,7,10.0.0.42,10.0.0.41,37,high,6636,57.601,50.601
1,42,19,10.0.0.2,10.0.0.6,1,low,6633,19.845,0.845
1,42,19,10.0.0.6,10.0.0.2,1,low,6633,19.798,0.798
129740,8586084,12,10.0.0.2,10.0.0.6,1,high,6633,62.303,50.303
402950,21568662884,12,10.0.0.6,10.0.0.2,1,high,6633,62.291,50.291
1,42,15,10.0.0.41,10.0.0.42,37,low,6636,15.437,0.437
1,42,15,10.0.0.42,10.0.0.41,37,low,6636,15.468,0.468
123743,8265602,8,10.0.0.42,10.0.0.41,37,high,6636,58.819,50.819
368730,19236365428,8,10.0.0.41,10.0.0.42,37,high,6636,58.82,50.82
1,42,20,10.0.0.2,10.0.0.6,1,low,6633,20.729,0.729
3,126,20,10.0.0.6,10.0.0.2,1,high,6633,20.729,0.729
131478,8738852,14,10.0.0.2,10.0.0.6,1,high,6633,65.008,51.008
359336,18766913656,14,10.0.0.6,10.0.0.2,1,high,6633,65.014,51.014
1892,1025464,51,10.0.0.21,10.0.0.22,12,high,6634,71.329,20.329
10,682,50,10.0.0.22,10.0.0.21,12,low,6634,71.403,21.403
11,760,9,10.0.0.22,10.0.0.21,12,low,6634,30.386,21.386
1913,1036846,10,10.0.0.21,10.0.0.22,12,high,6634,30.307,20.307
9,636,9,10.0.0.21,10.0.0.22,12,low,6634,30.387,21.387
10,714,50,10.0.0.21,10.0.0.22,12,low,6634,71.415,21.415
1,42,18,10.0.0.35,10.0.0.36,21,low,6635,18.54,0.54
1,42,55,10.0.0.36,10.0.0.35,21,low,6635,55.977,0.977
1,42,18,10.0.0.36,10.0.0.35,21,low,6635,18.552,0.552
3572184,167071076416,5,10.0.0.35,10.0.0.36,21,high,6635,55.977,50.977
2230277,147423894,5,10.0.0.36,10.0.0.35,21,high,6635,55.969,50.969
1,42,33,10.0.0.41,10.0.0.42,37,low,6636,33.83,0.83
10,741,22,10.0.0.42,10.0.0.41,37,low,6636,22.904,0.904
12,873,23,10.0.0.42,10.0.0.41,37,low,6636,23.4,0.4
12,873,28,10.0.0.42,10.0.0.41,37,low,6636,28.486,0.486
7,543,23,10.0.0.42,10.0.0.41,37,low,6636,23.89,0.89
11,807,28,10.0.0.42,10.0.0.41,37,low,6636,28.997,0.997
11,6423,25,10.0.0.41,10.0.0.42,37,high,6636,25.918,0.918
13,6567,33,10.0.0.41,10.0.0.42,37,high,6636,33.829,0.829
8,6225,24,10.0.0.41,10.0.0.42,37,high,6636,24.392,0.392
10,6357,16,10.0.0.41,10.0.0.42,37,high,6636,16.797,0.797
10,741,29,10.0.0.42,10.0.0.41,37,low,6636,29.543,0.543
2,140,26,10.0.0.41,10.0.0.42,37,low,6636,26.441,0.441
10,741,33,10.0.0.42,10.0.0.41,37,low,6636,33.83,0.83
11,6423,27,10.0.0.41,10.0.0.42,37,high,6636,27.974,0.974
10,741,27,10.0.0.42,10.0.0.41,37,low,6636,27.484,0.484
9,675,26,10.0.0.42,10.0.0.41,37,low,6636,26.954,0.954
7,6159,24,10.0.0.41,10.0.0.42,37,high,6636,24.891,0.891
10,6357,32,10.0.0.41,10.0.0.42,37,high,6636,32.294,0.294
11,6423,27,10.0.0.41,10.0.0.42,37,high,6636,27.483,0.483
9,6291,26,10.0.0.41,10.0.0.42,37,high,6636,26.951,0.951
10,741,25,10.0.0.42,10.0.0.41,37,low,6636,25.92,0.92
9,675,26,10.0.0.42,10.0.0.41,37,low,6636,26.454,0.454
12,873,25,10.0.0.42,10.0.0.41,37,low,6636,25.428,0.428
10,741,24,10.0.0.42,10.0.0.41,37,low,6636,24.394,0.394
11,6435,30,10.0.0.41,10.0.0.42,37,high,6636,30.72,0.72
10,6357,25,10.0.0.41,10.0.0.42,37,high,6636,25.415,0.415
10,6357,28,10.0.0.41,10.0.0.42,37,high,6636,28.988,0.988
10,6357,23,10.0.0.41,10.0.0.42,37,high,6636,23.397,0.397
7,6159,23,10.0.0.41,10.0.0.42,37,high,6636,23.888,0.888
10,6357,28,10.0.0.41,10.0.0.42,37,high,6636,28.482,0.482
8,6225,29,10.0.0.41,10.0.0.42,37,high,6636,29.538,0.538
13,927,32,10.0.0.42,10.0.0.41,37,low,6636,32.307,0.307
11,6423,22,10.0.0.41,10.0.0.42,37,high,6636,22.902,0.902
11,807,27,10.0.0.42,10.0.0.41,37,low,6636,27.981,0.981
11,807,16,10.0.0.42,10.0.0.41,37,low,6636,16.801,0.801
9,675,30,10.0.0.42,10.0.0.41,37,low,6636,30.135,0.135
14,981,31,10.0.0.42,10.0.0.41,37,low,6636,31.423,0.423
10,741,30,10.0.0.42,10.0.0.41,37,low,6636,30.72,0.72
6,404,24,10.0.0.42,10.0.0.41,37,low,6636,24.895,0.895
2,140,30,10.0.0.41,10.0.0.42,37,low,6636,30.127,0.127
10,6357,31,10.0.0.41,10.0.0.42,37,high,6636,31.4,0.4
9,667,27,10.0.0.42,10.0.0.41,37,low,6636,27.315,0.315
16,6797,27,10.0.0.41,10.0.0.42,37,high,6636,27.324,0.324
17,714,25,10.0.0.35,10.0.0.36,21,low,6635,552.961,527.961
17,714,25,10.0.0.36,10.0.0.35,21,low,6635,552.973,527.973
25059076,1656484972,9,10.0.0.36,10.0.0.35,21,high,6635,509.968,500.968
33704426,1572923126628,9,10.0.0.35,10.0.0.36,21,high,6635,509.968,500.968
11,768,25,10.0.0.42,10.0.0.41,37,low,6636,46.569,21.569
1980,1073160,55,10.0.0.42,10.0.0.41,37,high,6636,75.476,20.476
12,834,54,10.0.0.42,10.0.0.41,37,low,6636,75.491,21.491
7,476,54,10.0.0.41,10.0.0.42,37,low,6636,75.486,21.486
9,616,25,10.0.0.41,10.0.0.42,37,low,6636,46.56,21.56
1906,1033052,26,10.0.0.42,10.0.0.41,37,high,6636,46.532,20.532
19,798,9,10.0.0.35,10.0.0.36,21,low,6635,632.386,623.386
19,798,9,10.0.0.36,10.0.0.35,21,low,6635,632.398,623.398
68349,4511474,0,10.0.0.36,10.0.0.35,21,high,6635,2.295,2.295
94011,4275689758,0,10.0.0.35,10.0.0.36,21,high,6635,2.3,2.3
2880442,138820959164,7,10.0.0.35,10.0.0.36,21,high,6635,57.767,50.767
1634078,108137572,7,10.0.0.36,10.0.0.35,21,high,6635,57.773,50.773
20,840,21,10.0.0.35,10.0.0.36,21,low,6635,688.315,667.315
20,840,21,10.0.0.36,10.0.0.35,21,low,6635,688.327,667.327
3335233,220150926,8,10.0.0.36,10.0.0.35,21,high,6635,58.224,50.224
3643753,161323317042,8,10.0.0.35,10.0.0.36,21,high,6635,58.229,50.229
1,42,21,10.0.0.42,10.0.0.41,37,low,6636,21.055,0.055
1,42,21,10.0.0.41,10.0.0.42,37,low,6636,21.063,0.063
9,616,5,10.0.0.41,10.0.0.42,37,low,6636,26.075,21.075
8,569,48,10.0.0.42,10.0.0.41,37,low,6636,69.513,21.513
8,569,5,10.0.0.42,10.0.0.41,37,low,6636,26.076,21.076
1975,1070450,49,10.0.0.42,10.0.0.41,37,high,6636,69.505,20.505
1978,1072076,6,10.0.0.42,10.0.0.41,37,high,6636,26.058,20.058
7,476,48,10.0.0.41,10.0.0.42,37,low,6636,69.509,21.509
1,42,14,10.0.0.36,10.0.0.35,21,low,6635,14.889,0.889
1,42,14,10.0.0.35,10.0.0.36,21,low,6635,14.888,0.888
2606705,172355602,1,10.0.0.36,10.0.0.35,21,high,6635,51.753,50.753
3968768,192555591624,1,10.0.0.35,10.0.0.36,21,high,6635,51.731,50.731
1977,1071534,45,10.0.0.42,10.0.0.41,37,high,6636,65.064,20.064
1975,1070450,4,10.0.0.42,10.0.0.41,37,high,6636,24.28,20.28
9,616,3,10.0.0.41,10.0.0.42,37,low,6636,24.285,21.285
12,838,44,10.0.0.41,10.0.0.42,37,low,6636,65.072,21.072
8,562,44,10.0.0.42,10.0.0.41,37,low,6636,65.072,21.072
12,834,3,10.0.0.42,10.0.0.41,37,low,6636,24.299,21.299
1975,1070450,32,10.0.0.42,10.0.0.41,37,high,6636,52.971,20.971
7,476,54,10.0.0.41,10.0.0.42,37,low,6636,75.401,21.401
11,768,54,10.0.0.42,10.0.0.41,37,low,6636,75.409,21.409
1879,1018418,9,10.0.0.42,10.0.0.41,37,high,6636,29.651,20.651
11,768,31,10.0.0.42,10.0.0.41,37,low,6636,52.982,21.982
10,714,8,10.0.0.42,10.0.0.41,37,low,6636,29.705,21.705
7,476,31,10.0.0.41,10.0.0.42,37,low,6636,52.977,21.977
1979,1072618,55,10.0.0.42,10.0.0.41,37,high,6636,75.391,20.391
10,682,8,10.0.0.41,10.0.0.42,37,low,6636,29.695,21.695
1,42,32,10.0.0.36,10.0.0.35,21,low,6635,32.484,0.484
2,84,32,10.0.0.35,10.0.0.36,21,low,6635,32.484,0.484
2928928,135021605232,17,10.0.0.35,10.0.0.36,21,high,6635,67.923,50.923
1842795,121813062,17,10.0.0.36,10.0.0.35,21,high,6635,67.932,50.932
11,771,46,10.0.0.41,10.0.0.42,37,low,6636,67.865,21.865
7,476,21,10.0.0.41,10.0.0.42,37,low,6636,42.293,21.293
1975,1070450,22,10.0.0.42,10.0.0.41,37,high,6636,42.283,20.283
11,768,21,10.0.0.42,10.0.0.41,37,low,6636,42.299,21.299
1952,1057984,47,10.0.0.42,10.0.0.41,37,high,6636,67.857,20.857
7,469,46,10.0.0.42,10.0.0.41,37,low,6636,67.862,21.862
2,84,5,10.0.0.36,10.0.0.35,21,low,6636,30.967,25.967
2,84,5,10.0.0.35,10.0.0.36,21,low,6635,30.964,25.964
1645604,109069104,6,10.0.0.36,10.0.0.35,21,high,6635,56.193,50.193
2077972,137405792,56,10.0.0.36,10.0.0.35,21,high,6635,106.231,50.231
2851651,137659022134,6,10.0.0.35,10.0.0.36,21,high,6635,56.197,50.197
3520494,168437078620,16,10.0.0.35,10.0.0.36,21,high,6635,106.231,50.231
